Model,MSE,MAE,R2,LearningRate,InputSize,HiddenSize,StackedSize,SeqLength,Dropout,WindowLength,PolyOrder,MAPE,Accuracy
LSTM,152.56158023938121,7.727314323182323,0.9528295210753635,0.01,1,16,2,128,0,11,3,1.532782029136936,98.46721797086306
LSTM,272.3222959091804,9.62279626094974,0.9251283792662682,0.01,1,16,2,128,0,11,3,1.8165441691710187,98.18345583082898
LSTM,272.3222959091804,9.62279626094974,0.9251283792662682,0.01,1,16,2,128,0,11,3,1.8165441691710187,98.18345583082898
LSTM,272.3222959091804,9.62279626094974,0.9251283792662682,0.01,1,16,2,128,0,11,3,1.8165441691710187,98.18345583082898
LSTM,40.48417211862588,3.7395373795417437,0.9954037279762467,0.01,1,16,2,128,0,11,3,15.474412438587315,84.52558756141269
